{"epoch_times": [7.972656965255737, 8.476086139678955, 7.785991907119751, 7.863992929458618, 7.783747434616089], "forward_times": [0.19752686673944647, 0.2128735672343861, 0.19805381514809348, 0.19684128327803177, 0.19334825602444736], "backward_times": [0.5034885406494141, 0.5318119092421099, 0.4844532879916104, 0.4927238334308971, 0.4895318854938854], "device": "cpu"}